{
    "politics_filtered_nov19": {
        "1.0": {
            "number of posts": 12,
            "score": 82.30266915553592
        },
        "2.0": {
            "number of posts": 24,
            "score": 124.27700698761709
        },
        "3.0": {
            "number of posts": 60,
            "score": 395.86713840269306
        },
        "4.0": {
            "number of posts": 70,
            "score": 474.756084994047
        },
        "5.0": {
            "number of posts": 26,
            "score": 168.09098891657914
        },
        "6.0": {
            "number of posts": 7,
            "score": 43.42284026002507
        },
        "7.0": {
            "number of posts": 3,
            "score": 19.01967107936181
        },
        "8.0": {
            "number of posts": 5,
            "score": 31.815400822009494
        }
    },
    "conservative_filtered_nov20": {
        "1.0": {
            "number of posts": 2,
            "score": 6.396929655216146
        },
        "2.0": {
            "number of posts": 10,
            "score": 44.78472939944521
        },
        "3.0": {
            "number of posts": 29,
            "score": 145.3948109632632
        },
        "4.0": {
            "number of posts": 33,
            "score": 142.6810351952873
        },
        "5.0": {
            "number of posts": 17,
            "score": 68.20887394975179
        },
        "6.0": {
            "number of posts": 5,
            "score": 16.504029255013076
        },
        "8.0": {
            "number of posts": 4,
            "score": 19.595777738104566
        }
    },
    "politics_filtered_nov20": {
        "1.0": {
            "number of posts": 11,
            "score": 73.84878252584085
        },
        "2.0": {
            "number of posts": 22,
            "score": 158.29135842886856
        },
        "3.0": {
            "number of posts": 52,
            "score": 351.1407341703196
        },
        "4.0": {
            "number of posts": 63,
            "score": 430.0997427310778
        },
        "5.0": {
            "number of posts": 34,
            "score": 218.50790079999422
        },
        "6.0": {
            "number of posts": 9,
            "score": 45.13103438550462
        },
        "7.0": {
            "number of posts": 19,
            "score": 135.98776123455468
        },
        "8.0": {
            "number of posts": 5,
            "score": 29.48949821624605
        }
    },
    "politics_filtered_nov21": {
        "1.0": {
            "number of posts": 24,
            "score": 163.37556364352912
        },
        "2.0": {
            "number of posts": 15,
            "score": 125.01467527111168
        },
        "3.0": {
            "number of posts": 60,
            "score": 401.1112295244644
        },
        "4.0": {
            "number of posts": 63,
            "score": 434.2400934357227
        },
        "5.0": {
            "number of posts": 37,
            "score": 216.0711768046554
        },
        "6.0": {
            "number of posts": 19,
            "score": 114.38008236404154
        },
        "7.0": {
            "number of posts": 7,
            "score": 60.28827447415964
        },
        "8.0": {
            "number of posts": 6,
            "score": 35.9931586787494
        }
    },
    "conservative_filtered_nov19": {
        "2.0": {
            "number of posts": 7,
            "score": 33.7950500224986
        },
        "3.0": {
            "number of posts": 33,
            "score": 164.91511909435505
        },
        "4.0": {
            "number of posts": 29,
            "score": 130.35865311883896
        },
        "5.0": {
            "number of posts": 11,
            "score": 47.22869372514542
        },
        "6.0": {
            "number of posts": 6,
            "score": 27.834016960247798
        },
        "8.0": {
            "number of posts": 6,
            "score": 27.703954179672618
        }
    },
    "conservative_filtered_nov21": {
        "1.0": {
            "number of posts": 3,
            "score": 12.47255151033085
        },
        "2.0": {
            "number of posts": 5,
            "score": 18.81941895715101
        },
        "3.0": {
            "number of posts": 17,
            "score": 63.89514098021408
        },
        "4.0": {
            "number of posts": 27,
            "score": 128.33294082156937
        },
        "5.0": {
            "number of posts": 8,
            "score": 36.37129138154776
        },
        "6.0": {
            "number of posts": 3,
            "score": 14.136180740030536
        },
        "7.0": {
            "number of posts": 1,
            "score": 3.2188758248682006
        },
        "8.0": {
            "number of posts": 6,
            "score": 25.53483379165126
        }
    }
}
