{
    "Biden": {
        "topics": {
            "1.0": {
                "num_posts": 15,
                "score": 84.97157712205309,
                "average_score": 5.664771808136873
            },
            "2.0": {
                "num_posts": 49,
                "score": 303.72124996279507,
                "average_score": 6.198392856383573
            },
            "3.0": {
                "num_posts": 26,
                "score": 142.86159470314044,
                "average_score": 5.494676719351555
            },
            "4.0": {
                "num_posts": 37,
                "score": 181.57946425208976,
                "average_score": 4.907553087894318
            },
            "5.0": {
                "num_posts": 64,
                "score": 311.866286842139,
                "average_score": 4.872910731908422
            },
            "6.0": {
                "num_posts": 17,
                "score": 78.34816846850515,
                "average_score": 4.608715792265009
            },
            "7.0": {
                "num_posts": 1,
                "score": 3.2188758248682006,
                "average_score": 3.2188758248682006
            },
            "8.0": {
                "num_posts": 11,
                "score": 51.06209245734903,
                "average_score": 4.642008405213549
            }
        },
        "score": 1167.6414273500015,
        "num_posts": 222
    },
    "Trump": {
        "topics": {
            "1.0": {
                "num_posts": 16,
                "score": 112.02078518568119,
                "average_score": 7.0012990741050745
            },
            "2.0": {
                "num_posts": 10,
                "score": 50.45842647239457,
                "average_score": 5.045842647239457
            },
            "3.0": {
                "num_posts": 203,
                "score": 1261.5516164947428,
                "average_score": 6.214539982732723
            },
            "4.0": {
                "num_posts": 228,
                "score": 1414.3439546226418,
                "average_score": 6.203262958871236
            },
            "5.0": {
                "num_posts": 50,
                "score": 315.87890831483065,
                "average_score": 6.317578166296613
            },
            "6.0": {
                "num_posts": 28,
                "score": 156.9798612864508,
                "average_score": 5.606423617373244
            },
            "7.0": {
                "num_posts": 28,
                "score": 205.53516624485997,
                "average_score": 7.340541651602142
            },
            "8.0": {
                "num_posts": 16,
                "score": 91.88773002596108,
                "average_score": 5.742983126622567
            }
        },
        "score": 3644.286954244723,
        "num_posts": 584
    },
    "Both": {
        "topics": {
            "1.0": {
                "num_posts": 21,
                "score": 141.40413418271862,
                "average_score": 6.7335301991770775
            },
            "2.0": {
                "num_posts": 24,
                "score": 150.80256263150264,
                "average_score": 6.283440109645944
            },
            "3.0": {
                "num_posts": 22,
                "score": 117.91096193742699,
                "average_score": 5.3595891789739545
            },
            "4.0": {
                "num_posts": 20,
                "score": 144.54513142181133,
                "average_score": 7.2272565710905665
            },
            "5.0": {
                "num_posts": 19,
                "score": 126.7337304207041,
                "average_score": 6.670196337931795
            },
            "6.0": {
                "num_posts": 4,
                "score": 26.080154209906667,
                "average_score": 6.520038552476667
            },
            "7.0": {
                "num_posts": 1,
                "score": 9.760540543216194,
                "average_score": 9.760540543216194
            },
            "8.0": {
                "num_posts": 5,
                "score": 27.182800943123297,
                "average_score": 5.436560188624659
            }
        },
        "score": 744.4200162904099,
        "num_posts": 116
    }
}
