{
    "Biden": {
        "topics": {
            "1.0": {
                "num_posts": 15,
                "score": 84.97157712205309
            },
            "2.0": {
                "num_posts": 49,
                "score": 303.72124996279507
            },
            "3.0": {
                "num_posts": 26,
                "score": 142.86159470314044
            },
            "4.0": {
                "num_posts": 37,
                "score": 181.57946425208976
            },
            "5.0": {
                "num_posts": 64,
                "score": 311.866286842139
            },
            "6.0": {
                "num_posts": 17,
                "score": 78.34816846850515
            },
            "7.0": {
                "num_posts": 1,
                "score": 3.2188758248682006
            },
            "8.0": {
                "num_posts": 11,
                "score": 51.06209245734903
            }
        },
        "score": 1167.6414273500015,
        "num_posts": 222
    },
    "Trump": {
        "topics": {
            "1.0": {
                "num_posts": 16,
                "score": 112.02078518568119
            },
            "2.0": {
                "num_posts": 10,
                "score": 50.45842647239457
            },
            "3.0": {
                "num_posts": 203,
                "score": 1261.5516164947428
            },
            "4.0": {
                "num_posts": 228,
                "score": 1414.3439546226418
            },
            "5.0": {
                "num_posts": 50,
                "score": 315.87890831483065
            },
            "6.0": {
                "num_posts": 28,
                "score": 156.9798612864508
            },
            "7.0": {
                "num_posts": 28,
                "score": 205.53516624485997
            },
            "8.0": {
                "num_posts": 16,
                "score": 91.88773002596108
            }
        },
        "score": 3644.286954244723,
        "num_posts": 584
    },
    "Both": {
        "topics": {
            "1.0": {
                "num_posts": 21,
                "score": 141.40413418271862
            },
            "2.0": {
                "num_posts": 24,
                "score": 150.80256263150264
            },
            "3.0": {
                "num_posts": 22,
                "score": 117.91096193742699
            },
            "4.0": {
                "num_posts": 20,
                "score": 144.54513142181133
            },
            "5.0": {
                "num_posts": 19,
                "score": 126.7337304207041
            },
            "6.0": {
                "num_posts": 4,
                "score": 26.080154209906667
            },
            "7.0": {
                "num_posts": 1,
                "score": 9.760540543216194
            },
            "8.0": {
                "num_posts": 5,
                "score": 27.182800943123297
            }
        },
        "score": 744.4200162904099,
        "num_posts": 116
    }
}
