{
    "politics": {
        "Biden": {
            "num_posts": 121,
            "score": 732.0467408694667,
            "average_score": 6.049973065036915,
            "topics": {
                "1.0": {
                    "num_posts": 13,
                    "score": 81.10037611114521,
                    "average_score": 6.238490470088093
                },
                "2.0": {
                    "num_posts": 34,
                    "score": 235.26119096987355,
                    "average_score": 6.919446793231575
                },
                "3.0": {
                    "num_posts": 11,
                    "score": 62.70151636218962,
                    "average_score": 5.700137851108147
                },
                "4.0": {
                    "num_posts": 15,
                    "score": 92.27443151488433,
                    "average_score": 6.151628767658955
                },
                "5.0": {
                    "num_posts": 39,
                    "score": 214.22653988515782,
                    "average_score": 5.4929882021835335
                },
                "6.0": {
                    "num_posts": 7,
                    "score": 38.65904009538143,
                    "average_score": 5.522720013625919
                },
                "8.0": {
                    "num_posts": 2,
                    "score": 7.823645930834952,
                    "average_score": 3.911822965417476
                }
            }
        },
        "Trump": {
            "num_posts": 430,
            "score": 2934.5762351849935,
            "average_score": 6.824595895779055,
            "topics": {
                "1.0": {
                    "num_posts": 14,
                    "score": 102.0129376178208,
                    "average_score": 7.286638401272914
                },
                "2.0": {
                    "num_posts": 5,
                    "score": 30.936316371439702,
                    "average_score": 6.1872632742879405
                },
                "3.0": {
                    "num_posts": 142,
                    "score": 983.051188644542,
                    "average_score": 6.922895694679873
                },
                "4.0": {
                    "num_posts": 162,
                    "score": 1109.8596057484558,
                    "average_score": 6.850985220669481
                },
                "5.0": {
                    "num_posts": 40,
                    "score": 265.37335786149646,
                    "average_score": 6.634333946537412
                },
                "6.0": {
                    "num_posts": 24,
                    "score": 138.19476270428314,
                    "average_score": 5.758115112678464
                },
                "7.0": {
                    "num_posts": 28,
                    "score": 205.53516624485997,
                    "average_score": 7.340541651602142
                },
                "8.0": {
                    "num_posts": 11,
                    "score": 69.15854412750859,
                    "average_score": 6.287140375228054
                }
            }
        },
        "Both": {
            "num_posts": 106,
            "score": 696.3542471168372,
            "average_score": 6.569379689781483,
            "topics": {
                "1.0": {
                    "num_posts": 20,
                    "score": 136.41370159593987,
                    "average_score": 6.820685079796993
                },
                "2.0": {
                    "num_posts": 22,
                    "score": 141.38553334628418,
                    "average_score": 6.426615152103826
                },
                "3.0": {
                    "num_posts": 19,
                    "score": 102.36639709074643,
                    "average_score": 5.387705110039286
                },
                "4.0": {
                    "num_posts": 19,
                    "score": 136.96188389750796,
                    "average_score": 7.208520205131998
                },
                "5.0": {
                    "num_posts": 18,
                    "score": 123.07016877457446,
                    "average_score": 6.837231598587469
                },
                "6.0": {
                    "num_posts": 4,
                    "score": 26.080154209906667,
                    "average_score": 6.520038552476667
                },
                "7.0": {
                    "num_posts": 1,
                    "score": 9.760540543216194,
                    "average_score": 9.760540543216194
                },
                "8.0": {
                    "num_posts": 3,
                    "score": 20.315867658661414,
                    "average_score": 6.771955886220471
                }
            }
        }
    },
    "conservative": {
        "Biden": {
            "num_posts": 101,
            "score": 435.59468648053434,
            "average_score": 4.312818678025092,
            "topics": {
                "1.0": {
                    "num_posts": 2,
                    "score": 3.8712010109078907,
                    "average_score": 1.9356005054539454
                },
                "2.0": {
                    "num_posts": 15,
                    "score": 68.46005899292152,
                    "average_score": 4.564003932861435
                },
                "3.0": {
                    "num_posts": 15,
                    "score": 80.16007834095082,
                    "average_score": 5.344005222730055
                },
                "4.0": {
                    "num_posts": 22,
                    "score": 89.3050327372054,
                    "average_score": 4.0593196698729725
                },
                "5.0": {
                    "num_posts": 25,
                    "score": 97.63974695698116,
                    "average_score": 3.905589878279246
                },
                "6.0": {
                    "num_posts": 10,
                    "score": 39.68912837312372,
                    "average_score": 3.9689128373123723
                },
                "7.0": {
                    "num_posts": 1,
                    "score": 3.2188758248682006,
                    "average_score": 3.2188758248682006
                },
                "8.0": {
                    "num_posts": 9,
                    "score": 43.238446526514075,
                    "average_score": 4.804271836279342
                }
            }
        },
        "Trump": {
            "num_posts": 154,
            "score": 709.7107190597314,
            "average_score": 4.608511162725529,
            "topics": {
                "1.0": {
                    "num_posts": 2,
                    "score": 10.00784756786037,
                    "average_score": 5.003923783930185
                },
                "2.0": {
                    "num_posts": 5,
                    "score": 19.52211010095487,
                    "average_score": 3.9044220201909736
                },
                "3.0": {
                    "num_posts": 61,
                    "score": 278.500427850201,
                    "average_score": 4.565580784429525
                },
                "4.0": {
                    "num_posts": 66,
                    "score": 304.4843488741869,
                    "average_score": 4.613399225366468
                },
                "5.0": {
                    "num_posts": 10,
                    "score": 50.50555045333418,
                    "average_score": 5.050555045333418
                },
                "6.0": {
                    "num_posts": 4,
                    "score": 18.785098582167684,
                    "average_score": 4.696274645541921
                },
                "8.0": {
                    "num_posts": 5,
                    "score": 22.729185898452474,
                    "average_score": 4.545837179690495
                }
            }
        },