{
    "1.0": {
        "number of posts": 52,
        "score": 338.3964964904529,
        "average_score": 6.507624932508709
    },
    "2.0": {
        "number of posts": 83,
        "score": 504.98223906669216,
        "average_score": 6.084123362249303
    },
    "3.0": {
        "number of posts": 251,
        "score": 1522.3241731353094,
        "average_score": 6.065036546355814
    },
    "4.0": {
        "number of posts": 285,
        "score": 1740.468550296543,
        "average_score": 6.106907194022958
    },
    "5.0": {
        "number of posts": 133,
        "score": 754.4789255776739,
        "average_score": 5.672773876523864
    },
    "6.0": {
        "number of posts": 49,
        "score": 261.40818396486264,
        "average_score": 5.334860897242095
    },
    "7.0": {
        "number of posts": 30,
        "score": 218.51458261294434,
        "average_score": 7.283819420431478
    },
    "8.0": {
        "number of posts": 32,
        "score": 170.13262342643338,
        "average_score": 5.316644482076043
    }
}
