{
    "1.0": {
        "number of posts": 52,
        "score": 338.3964964904529
    },
    "2.0": {
        "number of posts": 83,
        "score": 504.98223906669216
    },
    "3.0": {
        "number of posts": 251,
        "score": 1522.3241731353094
    },
    "4.0": {
        "number of posts": 285,
        "score": 1740.468550296543
    },
    "5.0": {
        "number of posts": 133,
        "score": 754.4789255776739
    },
    "6.0": {
        "number of posts": 49,
        "score": 261.40818396486264
    },
    "7.0": {
        "number of posts": 30,
        "score": 218.51458261294434
    },
    "8.0": {
        "number of posts": 32,
        "score": 170.13262342643338
    }
}